"addr","mean_rtt"
"128.95.230.102",1
"10.132.1.73",1
"10.132.1.75",1
"10.132.0.53",1
"205.175.119.2",1
"209.124.188.134",1
"206.81.80.84",2.33333333333333
"206.81.80.13",1
"63.218.112.218",99.6666666666667
"63.217.112.22",104.666666666667
"63.245.5.190",103.666666666667
"63.245.70.98",147.333333333333
"162.246.104.182",146
