"addr","mean_rtt"
"128.95.230.102",1
"10.132.1.73",1
"10.132.1.75",1
"10.132.0.53",1
"205.175.119.2",1
"209.124.188.134",2.66666666666667
"198.104.202.5",1.33333333333333
"129.250.5.46",1
"129.250.3.43",52.3333333333333
"129.250.2.163",41
"129.250.2.138",76
"129.250.3.84",65
"129.250.3.21",182.666666666667
"129.250.3.94",166
"212.119.15.18",191.333333333333
"193.151.28.17",191.333333333333
"85.120.75.2",191
