"addr","mean_rtt"
"128.95.21.102",1
"10.132.1.65",1
"10.132.1.66",1
"10.132.0.49",1
"205.175.118.2",1
"209.124.188.132",1.33333333333333
"198.104.202.6",1.33333333333333
"198.104.202.5",1.66666666666667
"64.86.123.41",1.33333333333333
"64.86.124.25",2
"64.86.124.30",70.6666666666667
"66.198.96.45",70.3333333333333
"66.198.96.34",261.666666666667
"200.0.16.85",213.333333333333
"200.0.16.196",210
"200.0.16.182",220.666666666667
"169.158.128.54",226.666666666667
