"addr","mean_rtt"
"128.95.230.102",1
"10.132.1.65",1
"10.132.1.66",1
"209.124.188.132",1
"198.104.202.6",1
"198.104.202.5",1
"64.86.123.41",1
"64.86.124.25",964
"64.86.124.22",70
"66.198.96.45",70.3333333333333
"66.198.96.34",261
"200.0.16.85",209.666666666667
"200.0.16.196",209
"200.0.16.182",213.333333333333
"169.158.128.54",211.333333333333
