"addr","mean_rtt"
"128.95.230.102",1
"10.132.1.65",1
"10.132.1.66",1
"209.124.188.132",1
"198.104.202.6",1
"198.104.202.5",1.33333333333333
"64.86.123.41",1
"64.86.124.25",1
"64.86.124.22",69.3333333333333
"66.198.96.45",70
"66.198.96.34",261
"200.0.16.85",209.333333333333
"200.0.16.196",209
"200.0.16.182",212.333333333333
"169.158.128.54",211
